<?xml version="1.0" encoding="UTF-8" standalone="yes"?>
<addon id="script.module.ds_cache" name="TMDB Cache" version="0.0.1" provider-name="Mr.Blamo">
	<requires>
		<import addon="xbmc.python" version="2.1.0" />
        <import addon="script.module.dsrd" version="0.0.12"/>
	</requires>
	<extension point="xbmc.python.module" library="lib" />
	<extension point="xbmc.addon.metadata">
		<platform>all</platform>
		<summary lang="en">A local cache of TMDB Image API Responses</summary>
		<description lang="en">This is a local, querable DB cache of image keys that lighten the load on image metadata sources</description>
	</extension>
</addon>
